id,title,price,listPrice,categoryName,isBestSeller,boughtInLastMonth
21-562-8437,Produto 19,4583.44,4416.10,Livros,false,999
94-152-6968,Produto 91,2572.77,1749.27,Esportes,false,7002
64-750-7312,Produto 57,116.25,4894.07,Esportes,true,111
94-038-9226,Produto 03,3852.24,3875.83,Casa,false,7300
26-873-7310,Produto 99,3644.64,1813.28,Moda,false,882
67-927-3228,Produto 97,2433.12,2382.27,Eletrônicos,false,4870
82-009-9744,Produto 42,4856.16,2726.34,Casa,true,1967
39-565-3475,Produto 04,3874.23,2133.79,Moda,true,4126
85-831-6861,Produto 11,1495.57,1314.41,Eletrônicos,false,1062
04-428-8721,Produto 79,3836.43,4827.91,Esportes,true,3830
68-867-4970,Produto 78,3702.94,1019.26,Livros,false,1023
57-961-9689,Produto 97,4403.66,2664.01,Eletrônicos,false,6219
78-053-2288,Produto 41,4852.99,2393.10,Moda,true,2356
16-988-7490,Produto 74,4701.91,1047.93,Moda,false,9070
54-832-8421,Produto 86,2381.29,1813.06,Livros,true,1206
80-030-6926,Produto 08,2831.01,2008.31,Moda,false,4808
77-372-1400,Produto 61,4677.81,4180.43,Livros,false,4409
35-495-4480,Produto 21,2487.23,2808.06,Eletrônicos,true,1413
61-224-8946,Produto 73,4385.18,818.68,Casa,false,8279
93-193-7925,Produto 67,48.27,1119.67,Moda,false,6458
75-685-0301,Produto 36,1435.43,72.71,Casa,false,8724
64-768-6802,Produto 73,2759.77,4816.82,Eletrônicos,false,7919
29-255-3348,Produto 40,846.11,327.43,Moda,false,8173
60-999-3308,Produto 18,4921.74,4329.01,Livros,false,1525
21-216-5769,Produto 74,3235.72,2100.01,Livros,false,8836
25-008-5390,Produto 21,4798.95,2104.43,Livros,false,9748
56-447-4590,Produto 64,1163.21,1925.86,Casa,true,2136
52-595-0805,Produto 10,3601.05,3019.38,Moda,false,1090
49-046-9934,Produto 53,1801.91,666.82,Casa,true,5275
69-345-4792,Produto 27,511.45,46.39,Livros,false,4290
54-264-1586,Produto 76,4333.51,574.35,Eletrônicos,true,4089
22-337-1917,Produto 80,2864.83,4629.91,Eletrônicos,false,7194
85-367-6023,Produto 43,1302.22,3754.57,Esportes,false,3336
03-520-3535,Produto 87,120.79,2823.87,Eletrônicos,false,7064
17-217-3947,Produto 51,1478.69,34.10,Esportes,true,5386
30-710-1931,Produto 96,2772.27,4618.12,Livros,true,4735
41-429-5063,Produto 29,4514.50,752.48,Livros,false,4091
87-538-5607,Produto 12,2886.95,3899.65,Eletrônicos,false,6135
31-777-9776,Produto 77,28.69,4533.55,Eletrônicos,false,7083
17-700-3599,Produto 05,656.17,501.89,Esportes,false,6909
34-101-8647,Produto 34,3655.64,3511.21,Esportes,false,2247
37-889-7211,Produto 57,3747.49,3026.47,Moda,false,1182
77-812-1392,Produto 56,2987.87,3342.87,Moda,true,1907
80-010-2804,Produto 54,2685.09,3362.12,Moda,true,9543
18-280-0967,Produto 42,3160.14,1221.40,Livros,false,9448
63-763-2154,Produto 16,3007.39,4873.81,Moda,false,9369
43-047-7435,Produto 96,903.70,4208.28,Eletrônicos,false,8622
48-188-8819,Produto 95,2262.53,1763.66,Eletrônicos,false,4184
99-525-8807,Produto 95,3608.87,2304.64,Moda,true,1447
30-541-6748,Produto 98,3054.45,771.84,Eletrônicos,true,3772
50-542-7767,Produto 51,4693.57,1790.16,Moda,true,5094
17-377-3259,Produto 44,3197.64,4578.23,Esportes,false,36
67-029-7635,Produto 31,73.17,743.67,Eletrônicos,false,1005
92-876-2604,Produto 11,4861.01,2969.23,Moda,true,6311
10-619-0000,Produto 81,2284.54,2462.10,Livros,true,378
32-967-9923,Produto 69,2336.17,893.98,Moda,false,2230
31-746-4157,Produto 82,1920.28,4283.84,Esportes,true,9685
69-971-2742,Produto 45,2842.65,4278.01,Eletrônicos,true,472
71-359-7872,Produto 14,4376.31,767.93,Casa,true,536
97-140-4312,Produto 57,654.40,1750.38,Livros,true,475
05-602-5534,Produto 11,4560.60,1791.71,Livros,true,9373
75-782-8338,Produto 40,24.25,443.97,Livros,true,6372
66-404-6544,Produto 28,3038.01,198.58,Esportes,true,9243
02-423-9585,Produto 53,4999.38,4926.84,Livros,false,3368
00-565-2502,Produto 07,4341.21,3451.50,Casa,false,6263
52-941-4323,Produto 50,673.88,1457.83,Eletrônicos,true,7460
12-275-8133,Produto 79,4367.12,2879.54,Eletrônicos,true,4876
34-378-7036,Produto 82,1975.12,3293.87,Moda,false,5462
38-903-9137,Produto 78,3898.77,3657.04,Livros,true,6159
82-103-3909,Produto 87,255.75,3907.33,Casa,false,1404
64-501-1358,Produto 72,2028.65,3779.70,Livros,true,9944
78-844-4437,Produto 45,1951.87,3154.37,Eletrônicos,true,198
09-470-1649,Produto 00,1254.23,4486.52,Livros,true,4172
27-285-3580,Produto 44,4387.68,461.85,Esportes,false,9641
54-840-2844,Produto 73,2782.25,131.02,Eletrônicos,true,4742
70-556-7350,Produto 77,2596.46,3144.11,Esportes,false,8816
02-702-3409,Produto 20,2619.15,4185.97,Moda,false,776
52-238-9116,Produto 07,2264.82,302.05,Eletrônicos,true,7250
99-700-7119,Produto 02,2426.84,2028.75,Livros,false,6430
87-616-4513,Produto 11,3936.44,3008.14,Moda,false,8338
72-868-6075,Produto 22,1625.33,1946.64,Casa,false,487
34-311-4085,Produto 89,97.68,1299.28,Casa,true,5288
82-947-8112,Produto 55,2575.32,4791.33,Eletrônicos,false,6515
90-815-9228,Produto 56,4223.63,2927.77,Moda,false,8432
58-110-5478,Produto 58,2813.26,1773.70,Eletrônicos,false,3349
46-967-5963,Produto 14,616.23,3360.66,Casa,false,955
63-809-9941,Produto 77,4126.84,2219.05,Livros,true,1266
46-111-2238,Produto 75,4074.92,3391.54,Casa,true,9320
33-515-0082,Produto 19,2305.98,577.57,Casa,false,1232
76-986-0541,Produto 56,2919.03,3880.09,Livros,true,3300
97-716-7318,Produto 08,1658.26,3058.82,Eletrônicos,true,312
85-249-2425,Produto 15,1566.73,3487.85,Esportes,false,594
32-714-6884,Produto 64,2162.51,1671.33,Casa,false,9926
94-190-4008,Produto 03,2504.57,2698.02,Esportes,false,1309
33-932-9872,Produto 94,4707.39,3173.92,Casa,false,7257
02-638-0394,Produto 01,1567.55,3338.67,Livros,false,9323
59-082-8370,Produto 55,3504.36,507.65,Moda,false,5314
55-874-7791,Produto 99,595.63,2322.65,Livros,false,7941
39-900-8726,Produto 88,878.83,3357.98,Esportes,true,7169
06-852-5327,Produto 38,4180.52,3932.74,Livros,false,5655
56-528-5529,Produto 70,3250.39,2770.91,Moda,false,3684
74-530-4247,Produto 87,4169.49,3420.93,Esportes,false,2231
70-741-5400,Produto 34,4499.83,2279.14,Eletrônicos,true,8706
63-671-0368,Produto 59,1451.36,994.67,Casa,true,3673
14-505-8641,Produto 75,4445.87,4775.04,Livros,false,2680
75-259-5671,Produto 94,2579.43,3181.36,Moda,true,302
20-289-3179,Produto 55,3264.86,4015.84,Livros,true,9418
13-802-9726,Produto 47,1485.96,3415.36,Eletrônicos,true,5232
17-141-5354,Produto 26,2671.15,3610.33,Esportes,false,2281
47-502-2571,Produto 49,3422.01,3146.92,Esportes,true,9949
71-847-3017,Produto 53,1155.91,102.43,Moda,true,1029
93-769-4036,Produto 02,4259.96,1725.31,Eletrônicos,false,8170
19-656-2782,Produto 83,4176.18,3404.54,Eletrônicos,true,4808
28-406-4035,Produto 57,2756.78,460.95,Livros,false,827
70-109-4343,Produto 98,2216.47,1848.15,Casa,false,4287
34-683-6300,Produto 76,134.25,976.14,Eletrônicos,true,4246
82-375-7045,Produto 09,4477.92,1596.73,Moda,false,7640
34-921-9848,Produto 28,1264.28,3796.89,Livros,false,5342
71-060-8709,Produto 04,3901.37,3888.97,Livros,true,9670
47-255-9310,Produto 62,4785.25,4416.61,Livros,false,5051
58-952-9000,Produto 92,3409.27,2321.40,Esportes,false,7074
90-322-9529,Produto 59,4138.81,2215.15,Casa,true,4617
92-750-8232,Produto 00,4021.15,147.23,Casa,true,6359
73-330-5571,Produto 67,759.80,2133.98,Livros,true,2836
66-312-5270,Produto 43,4522.94,4810.52,Livros,true,3573
24-507-3017,Produto 91,3173.41,2674.70,Moda,false,5168
24-309-4777,Produto 87,875.15,4119.57,Casa,false,6770
39-325-0004,Produto 45,3620.63,3111.66,Casa,true,6058
98-680-5803,Produto 29,339.75,3169.14,Esportes,false,1581
68-722-0705,Produto 51,1041.51,940.78,Livros,false,1474
41-084-0608,Produto 50,2661.84,4619.86,Casa,false,8638
85-652-9900,Produto 68,1153.72,1482.06,Esportes,true,4063
56-606-2704,Produto 61,2185.26,4781.23,Livros,false,7261
16-378-9684,Produto 00,3994.14,1448.92,Livros,true,9726
42-281-3475,Produto 94,2864.52,2819.09,Livros,true,9702
09-502-6073,Produto 56,1722.66,3052.21,Casa,true,7692
81-157-4544,Produto 26,339.94,3477.85,Eletrônicos,false,2619
11-000-5888,Produto 19,205.37,2644.09,Eletrônicos,true,4954
46-517-2540,Produto 06,1986.97,4547.62,Moda,false,2716
31-001-5170,Produto 05,4063.80,3104.89,Esportes,true,1744
28-823-4044,Produto 52,3447.05,2125.45,Casa,true,3370
27-644-7119,Produto 32,9.73,3115.78,Moda,false,3242
25-296-8846,Produto 67,1289.07,3611.86,Moda,false,10
06-986-0700,Produto 52,3802.43,219.09,Casa,true,2653
84-866-1312,Produto 30,3678.46,4083.74,Casa,true,2704
30-216-4966,Produto 02,1374.52,1365.73,Casa,false,8030
25-265-0395,Produto 55,4877.01,4805.92,Esportes,true,6113
98-487-9409,Produto 92,1471.28,4177.02,Esportes,true,7947
00-627-2214,Produto 48,2763.20,4988.06,Moda,false,7040
58-341-2682,Produto 15,667.03,3234.60,Livros,true,2223
37-501-8245,Produto 92,1651.56,4231.40,Livros,true,7455
70-097-6511,Produto 61,1568.79,4161.23,Moda,false,1105
96-701-1415,Produto 94,2312.53,2980.16,Casa,true,6553
82-515-6942,Produto 75,4512.89,656.72,Moda,false,7525
67-569-9762,Produto 16,3030.57,1126.11,Eletrônicos,false,1641
19-043-5387,Produto 27,1181.20,4618.25,Moda,false,7011
03-212-6467,Produto 11,4243.46,2528.62,Esportes,false,6980
35-860-6070,Produto 15,3390.19,4224.15,Casa,false,2397
92-453-6359,Produto 84,128.80,4959.45,Moda,true,4931
94-738-9110,Produto 55,3016.31,2867.39,Eletrônicos,true,6336
05-350-1173,Produto 05,340.85,4768.11,Esportes,true,8233
87-185-6067,Produto 73,2436.20,414.88,Moda,true,9599
98-444-2654,Produto 57,3581.52,3992.02,Moda,false,9572
44-685-2190,Produto 06,2235.31,615.41,Casa,true,3604
57-239-7823,Produto 26,4040.19,1510.87,Casa,true,7705
12-498-4422,Produto 86,418.63,3131.49,Casa,true,5828
39-951-2461,Produto 77,4044.16,3305.61,Casa,false,6127
88-792-1718,Produto 32,2277.39,3516.59,Esportes,false,5243
64-917-0158,Produto 83,4512.97,3625.43,Casa,true,8456
22-602-9760,Produto 84,1418.01,593.18,Livros,false,9008
95-125-6193,Produto 42,4777.62,1633.20,Livros,true,588
06-885-6091,Produto 70,1399.91,584.62,Livros,false,1887
80-937-7120,Produto 99,2586.73,1773.86,Livros,false,4940
45-107-7765,Produto 19,4689.46,4397.76,Casa,true,9982
58-000-7830,Produto 94,4323.12,3216.10,Livros,false,9779
33-028-7250,Produto 81,3050.16,706.73,Livros,true,9544
08-885-2480,Produto 26,49.55,2293.29,Casa,false,7131
48-278-7906,Produto 55,4553.88,1875.01,Moda,true,779
41-033-6444,Produto 04,4449.13,806.55,Livros,false,9783
95-747-9008,Produto 86,4327.98,4893.72,Casa,false,9980
69-805-2403,Produto 80,953.38,4277.18,Esportes,true,4617
40-607-1853,Produto 38,4683.89,182.08,Esportes,true,8280
42-363-2805,Produto 29,3877.57,1472.96,Livros,true,4692
82-807-6856,Produto 49,3189.35,473.94,Moda,false,7753
21-223-7387,Produto 50,607.64,2325.62,Esportes,false,2731
51-697-7147,Produto 51,2122.27,3862.74,Eletrônicos,true,845
93-095-9892,Produto 68,1945.94,1760.48,Livros,false,5400
60-289-8152,Produto 37,3423.37,1147.70,Esportes,true,6970
41-025-4592,Produto 52,246.86,950.43,Livros,true,5664
15-870-9235,Produto 22,2428.19,987.56,Eletrônicos,true,2116
21-222-4432,Produto 07,3425.29,117.79,Casa,true,108
73-586-4013,Produto 77,1319.85,3598.16,Esportes,true,3854
12-230-7691,Produto 19,4797.05,3720.52,Casa,true,5510
48-535-9362,Produto 37,3722.56,3987.68,Moda,false,3880
41-269-7367,Produto 37,1152.31,468.43,Moda,true,7645
65-318-2127,Produto 57,1212.70,4298.97,Eletrônicos,true,1809
14-429-7007,Produto 35,107.83,1103.08,Casa,true,5390
39-237-4376,Produto 69,3725.42,2659.38,Esportes,false,760
21-112-9435,Produto 63,2120.88,3215.13,Moda,true,6332
10-183-6040,Produto 50,1585.95,3669.68,Moda,false,8933
79-522-7953,Produto 33,2385.74,3697.64,Eletrônicos,true,9075
67-934-8777,Produto 77,2439.81,2036.82,Esportes,true,9288
37-754-9115,Produto 80,4819.82,4690.85,Esportes,true,7601
28-878-0896,Produto 79,2352.08,3267.72,Eletrônicos,false,1252
63-311-9344,Produto 36,2640.43,3092.42,Esportes,true,6938
62-305-7989,Produto 13,880.03,2371.72,Moda,true,7969
80-904-3861,Produto 09,4687.28,4197.65,Casa,false,990
58-560-9446,Produto 56,374.98,360.98,Moda,true,4592
25-077-7090,Produto 34,2792.73,830.67,Esportes,true,9269
64-340-7489,Produto 54,1841.95,4778.51,Eletrônicos,false,9550
05-281-8172,Produto 80,2042.01,4505.97,Casa,false,9822
99-478-3551,Produto 15,625.49,1229.16,Livros,false,4372
91-159-3739,Produto 12,2738.84,1055.92,Livros,false,6286
32-538-9119,Produto 91,1771.27,3212.83,Livros,true,3538
12-984-6657,Produto 37,1262.83,654.49,Esportes,false,629
19-766-7270,Produto 92,3443.74,2570.13,Esportes,true,5481
83-234-2271,Produto 09,2080.86,4994.07,Casa,true,5456
60-164-4336,Produto 95,937.51,553.47,Esportes,true,6094
53-940-9557,Produto 17,3451.65,1645.25,Eletrônicos,false,8031
47-871-7602,Produto 79,2694.20,3811.27,Moda,false,4177
47-829-8076,Produto 46,2717.00,1912.60,Livros,true,7054
38-519-1949,Produto 49,3145.57,3431.23,Esportes,true,1253
56-360-2040,Produto 02,1586.72,1412.85,Esportes,true,6476
58-725-6933,Produto 19,4334.01,2046.67,Eletrônicos,true,4815
56-046-1345,Produto 55,4570.49,610.54,Moda,true,9072
78-421-9467,Produto 91,4582.26,2691.57,Esportes,false,8038
31-226-6987,Produto 79,2991.57,3723.23,Moda,true,89
04-547-1399,Produto 43,796.83,4039.81,Eletrônicos,true,8822
44-757-4465,Produto 81,3368.20,1228.53,Casa,true,2472
05-048-6392,Produto 15,4840.81,1315.88,Casa,false,1123
81-795-1923,Produto 58,3032.13,4532.43,Moda,false,2356
24-556-1636,Produto 31,442.14,1271.27,Casa,true,9342
95-009-2907,Produto 37,3812.30,2031.45,Eletrônicos,true,4577
23-999-3343,Produto 89,1782.11,2574.82,Livros,false,1792
31-317-8001,Produto 67,2488.78,2367.45,Livros,true,2121
75-749-1316,Produto 60,4368.66,1142.34,Moda,false,6644
03-584-8980,Produto 44,295.78,1943.80,Moda,false,8973
39-651-2256,Produto 84,1445.64,1333.14,Eletrônicos,false,5621
09-458-2970,Produto 36,2502.22,2168.79,Eletrônicos,true,2897
07-819-1568,Produto 64,3456.03,164.40,Eletrônicos,true,2000
97-261-3398,Produto 48,4439.42,4929.19,Eletrônicos,true,294
25-590-9332,Produto 27,4387.63,4156.07,Livros,false,7837
86-763-1458,Produto 45,4436.18,4757.88,Eletrônicos,false,6899
39-061-8062,Produto 88,3396.24,3063.93,Esportes,true,3277
99-724-2537,Produto 76,1093.86,2708.05,Moda,false,5147
56-419-9995,Produto 33,2111.48,3744.06,Moda,false,9732
23-584-3031,Produto 95,890.34,324.64,Moda,true,401
94-355-0363,Produto 43,4787.85,648.78,Esportes,false,2688
57-272-4597,Produto 79,2015.96,1177.17,Moda,false,3408
79-704-3479,Produto 34,3909.47,4522.83,Eletrônicos,true,3177
70-691-3193,Produto 04,4459.74,980.66,Casa,false,217
19-835-8304,Produto 75,360.01,38.31,Esportes,true,4034
20-521-0657,Produto 26,4737.25,148.01,Esportes,true,1078
01-555-4726,Produto 57,1222.21,456.90,Casa,false,7426
74-667-2235,Produto 10,2663.52,576.04,Esportes,false,4270
07-367-2975,Produto 55,2121.27,2855.05,Eletrônicos,false,6921
91-411-1275,Produto 20,4318.50,690.82,Esportes,false,2334
33-654-3439,Produto 00,4047.33,2650.32,Eletrônicos,false,9713
33-989-7212,Produto 58,1566.77,1315.32,Casa,true,5462
42-112-6687,Produto 20,870.69,3876.73,Esportes,false,4561
48-804-9981,Produto 46,826.30,3934.71,Casa,true,4937
04-389-5748,Produto 25,4576.43,3305.08,Eletrônicos,true,6117
54-278-3109,Produto 22,116.55,2574.55,Casa,false,4116
80-945-3622,Produto 44,3.30,2440.82,Moda,true,5257
52-484-4352,Produto 56,374.41,3544.00,Casa,true,2010
23-650-1619,Produto 96,3528.16,3859.99,Moda,true,5412
13-222-2645,Produto 18,4759.08,396.71,Moda,false,2407
81-493-8825,Produto 10,738.59,3434.75,Casa,true,768
79-707-8972,Produto 13,3750.79,3434.78,Eletrônicos,false,6370
43-976-7000,Produto 66,4871.50,939.10,Eletrônicos,false,8503
21-438-9483,Produto 21,4055.03,2775.69,Eletrônicos,true,2752
92-170-2913,Produto 57,1707.10,4189.34,Esportes,true,208
46-098-4076,Produto 57,1650.63,3008.76,Esportes,true,5
29-924-2681,Produto 78,3702.99,3455.94,Casa,false,9817
85-270-9853,Produto 16,6.33,2935.08,Livros,false,9980
78-926-6295,Produto 43,1119.71,4688.89,Livros,true,7164
04-732-5454,Produto 37,3504.38,4141.88,Moda,true,4718
40-005-9529,Produto 39,2055.52,4963.24,Casa,false,7824
91-254-8410,Produto 90,4042.29,3675.34,Livros,true,2462
97-023-5606,Produto 91,2086.38,1246.13,Eletrônicos,true,8612
96-412-3868,Produto 26,4759.86,1002.65,Eletrônicos,false,968
33-401-7125,Produto 84,1988.37,2565.97,Casa,false,9315
05-670-0525,Produto 73,3002.39,1169.96,Moda,true,1574
86-823-7642,Produto 84,1448.89,3251.66,Eletrônicos,false,5979
84-424-8227,Produto 72,4124.03,3120.08,Casa,true,3641
97-652-6359,Produto 18,3283.36,4078.21,Esportes,true,4220
47-124-8226,Produto 47,2208.00,3382.32,Moda,true,709
66-117-6487,Produto 09,589.89,4969.59,Casa,true,2653
96-195-1622,Produto 82,916.84,3174.88,Casa,false,5075
48-804-6805,Produto 07,2448.67,4476.56,Moda,false,9247
09-432-7394,Produto 90,372.27,2497.81,Casa,false,9030
00-694-2121,Produto 84,4664.89,3061.33,Esportes,true,6706
80-183-9136,Produto 48,13.12,2038.98,Eletrônicos,false,8190
83-270-7903,Produto 05,3651.18,2480.06,Eletrônicos,true,2795
03-522-7197,Produto 43,3583.06,173.75,Casa,false,2594
41-281-1282,Produto 79,1503.38,3263.70,Eletrônicos,false,3925
83-382-9159,Produto 90,4420.44,2804.74,Esportes,false,5337
72-351-4797,Produto 57,35.11,4449.17,Casa,false,8923
33-142-9294,Produto 75,3485.03,3675.46,Livros,true,2184
95-590-6004,Produto 11,4033.51,2255.96,Casa,true,2576
78-921-8997,Produto 19,2494.68,297.07,Casa,true,8070
43-861-9408,Produto 62,4757.68,2894.76,Livros,false,1597
21-890-0518,Produto 12,3374.44,3562.29,Casa,true,7925
06-235-8076,Produto 38,4777.05,2002.65,Moda,false,1645
00-891-9988,Produto 83,2934.49,3403.07,Casa,false,2492
65-589-0277,Produto 33,1344.45,4538.65,Casa,true,4744
88-293-9856,Produto 78,4030.29,1938.66,Moda,false,3152
20-632-0611,Produto 37,1177.70,2727.71,Esportes,true,9929
66-598-5724,Produto 34,1769.09,1923.39,Esportes,true,8223
40-928-0943,Produto 17,1327.47,4767.43,Casa,false,4509
00-254-7199,Produto 94,4349.65,2412.05,Casa,true,9207
74-936-7483,Produto 68,3840.39,879.87,Eletrônicos,true,4752
17-770-9703,Produto 06,2529.62,2855.94,Esportes,true,1611
47-627-7163,Produto 87,3054.64,339.03,Livros,false,5880
35-352-4379,Produto 95,2650.76,4941.98,Livros,false,896
87-844-4850,Produto 74,3083.08,1809.02,Livros,false,9588
57-108-4537,Produto 96,4058.99,1480.26,Eletrônicos,false,3833
65-370-2821,Produto 22,2034.19,427.99,Eletrônicos,true,3087
53-558-8179,Produto 52,4467.91,3357.99,Livros,false,1214
99-064-4166,Produto 89,3416.19,4115.31,Casa,true,8044
35-164-8804,Produto 70,610.07,4932.81,Eletrônicos,false,7868
25-085-2196,Produto 45,3828.72,2868.10,Casa,true,130
84-547-4236,Produto 61,1725.48,572.52,Eletrônicos,true,3179
22-878-2496,Produto 03,1194.18,3600.89,Livros,false,8735
43-177-6795,Produto 99,1547.17,4100.57,Esportes,true,3023
31-699-2155,Produto 14,588.70,1814.66,Livros,false,5978
84-505-5024,Produto 65,3665.34,1645.11,Eletrônicos,false,4295
10-764-6525,Produto 27,2644.95,1626.80,Casa,false,4155
09-590-8054,Produto 97,2289.49,2689.26,Casa,true,7601
61-966-9471,Produto 88,4543.78,1441.29,Moda,true,1490
02-615-6813,Produto 60,4237.27,155.08,Moda,false,6485
02-879-5881,Produto 09,3218.30,248.82,Eletrônicos,false,5711
59-602-9875,Produto 43,4991.63,1187.63,Livros,false,2074
18-774-4338,Produto 03,3949.04,699.01,Eletrônicos,true,4003
33-230-2087,Produto 92,1373.88,4242.29,Casa,false,9691
59-361-0006,Produto 26,4170.92,182.70,Eletrônicos,false,1817
10-106-7951,Produto 05,2936.81,1594.38,Eletrônicos,false,3238
13-211-1915,Produto 42,3433.95,1338.68,Eletrônicos,true,6709
07-864-2670,Produto 47,2249.39,1755.95,Eletrônicos,false,7923
19-207-3718,Produto 59,4926.33,2559.44,Esportes,true,3985
66-719-6714,Produto 10,2408.19,3569.39,Esportes,false,2824
23-110-1338,Produto 75,1184.74,4709.22,Moda,true,2812
20-766-3877,Produto 03,4425.24,4124.13,Moda,true,92
98-103-8469,Produto 56,2947.44,3571.78,Esportes,true,2861
08-991-6482,Produto 49,4651.81,2905.96,Eletrônicos,true,1155
49-833-8856,Produto 44,2484.02,3993.98,Moda,true,528
34-757-1092,Produto 31,4415.29,780.01,Moda,false,8329
46-118-2913,Produto 19,1106.66,889.10,Moda,false,4255
87-634-6725,Produto 29,3439.93,2880.84,Livros,true,7595
08-251-9109,Produto 04,1829.94,4690.60,Casa,true,7071
56-975-5710,Produto 44,4605.87,2476.35,Esportes,false,7802
00-736-2075,Produto 23,1339.39,1868.85,Eletrônicos,true,4379
37-203-6201,Produto 28,2677.79,572.62,Moda,true,470
09-639-7826,Produto 62,651.73,4148.92,Moda,false,3156
09-435-6528,Produto 04,1115.77,4568.68,Moda,false,8649
43-088-6601,Produto 55,1398.29,2796.95,Eletrônicos,true,1734
32-311-7566,Produto 41,628.71,3796.22,Eletrônicos,false,1895
87-871-9526,Produto 97,1286.99,4688.33,Moda,false,1778
67-843-4836,Produto 41,2205.34,1276.11,Esportes,true,2324
04-951-9522,Produto 74,3482.57,2308.48,Casa,true,4237
27-274-8240,Produto 89,2916.57,2619.00,Moda,true,2459
75-449-6301,Produto 60,4961.14,907.90,Eletrônicos,false,6821
06-009-9011,Produto 56,3666.32,1044.68,Livros,false,5671
79-048-8372,Produto 50,4245.18,4142.62,Esportes,true,4755
02-314-6808,Produto 23,1625.29,1105.32,Esportes,true,5385
73-435-3775,Produto 39,3574.13,1614.09,Moda,false,5289
77-548-3914,Produto 09,3201.04,556.04,Casa,false,1712
34-586-1316,Produto 91,2482.56,627.20,Eletrônicos,true,6549
39-047-7101,Produto 65,1086.75,4589.44,Livros,false,3811
31-074-0804,Produto 54,2471.28,4958.77,Moda,true,3212
51-172-7001,Produto 85,2821.56,3036.35,Eletrônicos,false,6957
67-073-2656,Produto 02,3832.69,3007.24,Casa,false,6870
62-199-5100,Produto 26,2736.05,1688.46,Esportes,true,6769
19-497-7928,Produto 83,4283.49,1343.81,Eletrônicos,true,8757
91-066-9880,Produto 91,1411.84,1722.31,Livros,true,4182
16-134-7206,Produto 43,4312.78,4852.61,Eletrônicos,true,333
78-006-6884,Produto 40,2175.88,4213.38,Livros,true,3712
26-207-2550,Produto 72,3624.16,1507.77,Eletrônicos,true,5611
52-712-7280,Produto 93,1034.51,3111.80,Casa,true,476
65-306-0372,Produto 38,3261.56,3948.12,Casa,true,4534
87-207-3505,Produto 22,912.52,952.97,Esportes,false,9906
71-236-3467,Produto 51,2605.46,2523.99,Moda,true,6244
35-207-2056,Produto 20,4390.98,988.24,Casa,true,2631
14-575-5791,Produto 17,4542.02,439.90,Casa,true,6795
18-912-2843,Produto 27,1734.41,4976.00,Esportes,false,7245
53-550-3731,Produto 17,4222.42,2788.10,Esportes,true,5042
20-119-8302,Produto 16,2110.61,967.32,Moda,false,7436
53-188-7506,Produto 49,4564.96,4894.64,Moda,false,8432
74-539-8040,Produto 85,161.82,4380.22,Casa,false,4988
60-220-1907,Produto 36,2869.47,2489.02,Eletrônicos,false,4987
89-538-3854,Produto 53,1039.54,4515.99,Esportes,false,175
30-266-6976,Produto 25,2980.65,4332.07,Esportes,true,3364
13-540-8336,Produto 84,364.44,2142.29,Casa,false,6311
25-272-8112,Produto 00,2088.44,4515.22,Casa,false,4033
40-007-5828,Produto 39,4323.03,4084.77,Eletrônicos,true,376
80-206-8619,Produto 83,2047.91,4376.40,Eletrônicos,true,2391
52-938-2580,Produto 76,1411.98,4948.50,Casa,true,8081
82-208-1223,Produto 77,1876.79,1284.73,Casa,false,8108
25-677-6395,Produto 24,1262.25,986.25,Casa,false,6459
80-845-0598,Produto 02,507.24,3567.16,Livros,false,2865
40-309-3312,Produto 83,4159.05,3324.64,Casa,true,7022
16-053-5362,Produto 50,1481.87,4059.44,Eletrônicos,false,8079
19-570-2580,Produto 38,1071.57,3145.60,Esportes,false,5272
51-347-4192,Produto 96,4300.01,3614.37,Casa,true,2607
77-476-8128,Produto 13,39.93,2313.30,Moda,true,3652
79-459-1160,Produto 82,641.37,2819.72,Casa,true,421
40-321-9181,Produto 85,4536.09,1195.34,Livros,true,6671
06-067-5027,Produto 76,4750.30,527.65,Casa,false,6889
90-230-4214,Produto 45,4825.62,109.28,Livros,false,9136
85-780-4547,Produto 50,2481.63,4488.20,Esportes,true,6128
05-265-2230,Produto 16,2532.63,3082.67,Eletrônicos,false,5504
69-965-1409,Produto 80,1172.46,3491.24,Esportes,false,3522
93-026-2288,Produto 38,4120.77,790.41,Eletrônicos,true,5234
95-305-8775,Produto 68,3150.66,710.51,Eletrônicos,false,8543
79-679-2733,Produto 01,1159.82,3066.94,Esportes,true,2866
41-852-8419,Produto 97,4507.85,4172.66,Eletrônicos,true,216
64-608-3485,Produto 13,3840.01,1345.35,Esportes,false,4951
68-981-2005,Produto 10,1855.85,3486.16,Livros,true,6318
91-774-2104,Produto 12,1132.55,948.10,Eletrônicos,true,4801
64-220-3614,Produto 03,116.79,4223.60,Esportes,true,6216
23-331-0778,Produto 77,2190.87,2118.64,Livros,true,808
58-307-7203,Produto 49,4799.91,2432.14,Casa,false,1028
29-496-3524,Produto 99,47.69,3786.35,Moda,true,4941
78-071-7292,Produto 73,723.36,4942.05,Livros,true,6846
67-651-9285,Produto 06,2213.23,3485.90,Livros,true,9848
07-976-0638,Produto 08,1916.84,39.61,Moda,false,4038
67-186-6869,Produto 22,3582.60,1215.95,Livros,true,9330
56-913-9810,Produto 96,2144.44,4984.90,Casa,false,5979
65-810-7502,Produto 58,447.76,1015.15,Moda,true,7206
32-900-0404,Produto 31,3214.40,3514.67,Moda,false,5357
18-203-5522,Produto 15,418.12,971.71,Eletrônicos,true,1479
51-954-0315,Produto 82,3120.43,1721.40,Casa,true,4008
44-561-2322,Produto 60,1924.97,1058.23,Livros,true,4587
06-393-9551,Produto 19,1457.01,2506.32,Esportes,true,8911
36-470-3314,Produto 44,4186.83,2324.96,Moda,false,1632
45-247-6210,Produto 70,1958.62,187.86,Eletrônicos,true,3482
57-370-1433,Produto 37,2393.14,4219.14,Livros,true,9037
45-162-3625,Produto 40,2607.43,2250.89,Esportes,true,4979
27-278-5178,Produto 36,4245.06,54.30,Moda,true,5003
68-727-1069,Produto 67,3720.11,4285.98,Esportes,true,465
57-505-3670,Produto 26,1158.74,3422.87,Eletrônicos,true,8517
76-682-3807,Produto 71,4981.05,1607.77,Eletrônicos,false,2212
45-615-5469,Produto 75,3377.55,3685.88,Casa,false,4795
40-895-7714,Produto 13,3686.37,354.74,Moda,false,9751
59-287-6217,Produto 76,3154.49,4847.67,Eletrônicos,false,5617
61-924-2733,Produto 15,2184.16,2346.70,Casa,true,4288
97-398-6456,Produto 98,1936.60,619.69,Moda,false,5290
80-555-2362,Produto 85,4672.38,4363.65,Eletrônicos,true,3594
00-662-1107,Produto 48,2348.19,2824.07,Casa,false,488
09-431-5793,Produto 04,1452.45,1736.08,Eletrônicos,false,4397
00-843-3776,Produto 31,3079.36,94.04,Livros,false,9809
99-617-5501,Produto 81,725.20,1724.49,Moda,false,6625
65-446-4528,Produto 04,1415.85,1766.41,Esportes,false,4129
10-262-6276,Produto 63,3092.56,948.13,Eletrônicos,true,6702
61-199-2815,Produto 15,4132.58,424.71,Livros,false,3357
39-662-9085,Produto 99,4501.00,4830.12,Casa,true,6347
58-012-9888,Produto 00,1666.35,2100.09,Eletrônicos,true,7922
83-543-8520,Produto 43,4477.61,2141.57,Esportes,true,8526
71-365-0163,Produto 88,2463.44,1207.83,Eletrônicos,false,4128
35-746-7901,Produto 48,3346.12,3065.34,Casa,true,8247
68-098-8737,Produto 53,3213.55,2722.77,Casa,false,5018
36-196-0508,Produto 41,2131.74,1886.59,Casa,true,5700
92-375-0096,Produto 87,2814.55,1702.22,Moda,true,5339
00-352-2419,Produto 90,2935.79,1935.36,Casa,false,4190
77-815-9938,Produto 13,3395.81,1799.55,Eletrônicos,false,1546
43-983-8255,Produto 07,3390.66,819.66,Moda,false,9918
32-071-7898,Produto 65,1443.39,578.55,Livros,false,4000
62-605-7732,Produto 83,2687.96,1431.22,Moda,true,7288
76-051-0579,Produto 57,4140.24,666.80,Casa,false,7910
47-146-5074,Produto 41,23.81,1256.52,Esportes,false,8521
46-016-3498,Produto 36,2991.74,4134.17,Livros,false,5520
95-291-8191,Produto 48,2473.32,2942.21,Eletrônicos,false,3355
13-105-3328,Produto 54,4340.98,1767.67,Eletrônicos,true,7278
14-773-3183,Produto 01,1921.18,3848.36,Casa,true,5875
63-499-4609,Produto 59,3467.18,925.44,Casa,false,1708
27-151-2267,Produto 49,1568.82,4198.12,Casa,false,8017
31-655-4120,Produto 52,2689.61,106.79,Esportes,true,544
33-149-4553,Produto 10,4367.10,1410.80,Livros,false,3056
28-288-7448,Produto 31,1998.22,3715.33,Livros,true,6663
13-103-0735,Produto 94,1679.56,4711.64,Eletrônicos,false,8257
06-206-9967,Produto 06,3918.33,4977.20,Casa,true,51
19-351-6984,Produto 90,4383.24,1369.89,Livros,false,9262
36-348-2768,Produto 46,1364.97,2262.87,Moda,false,2217
31-449-2433,Produto 14,858.08,1880.68,Casa,true,6692
74-486-1220,Produto 10,845.83,635.17,Livros,true,8751
53-065-5390,Produto 29,4534.59,2430.47,Eletrônicos,false,3177
98-813-5501,Produto 23,2950.48,3789.16,Esportes,false,3913
40-737-1767,Produto 41,129.16,179.75,Casa,false,9436
31-427-7079,Produto 48,2077.85,2064.31,Esportes,true,7902
60-212-5831,Produto 76,1255.99,193.70,Casa,false,2764
02-038-9844,Produto 53,238.92,3154.27,Esportes,false,1470
92-999-3761,Produto 34,1789.33,1.25,Moda,false,7844
99-065-6377,Produto 69,824.19,2713.23,Moda,false,3555
27-113-6974,Produto 50,4864.46,569.96,Moda,true,7992
36-642-6587,Produto 60,1402.62,369.56,Esportes,true,1800
39-587-0016,Produto 39,3646.76,2918.97,Moda,true,1031
11-274-7454,Produto 64,4217.82,3640.21,Livros,false,8274
56-444-6890,Produto 09,1762.79,1849.54,Moda,false,5526
21-136-8663,Produto 67,2152.10,646.44,Livros,true,3123
95-263-0551,Produto 49,1890.88,992.57,Eletrônicos,true,5528
95-504-0970,Produto 85,2858.06,4344.02,Moda,false,1454
78-909-1686,Produto 97,3867.48,123.21,Eletrônicos,true,71
52-512-9740,Produto 86,2869.29,1854.53,Moda,true,7411
19-895-0518,Produto 44,3911.89,312.36,Esportes,true,9510
80-812-8820,Produto 11,1671.17,4364.77,Moda,false,9526
48-612-6916,Produto 79,959.56,2993.38,Eletrônicos,true,2699
06-377-5115,Produto 80,3685.15,2352.69,Livros,true,7000
35-598-8860,Produto 20,1279.28,4154.69,Moda,false,3202
90-040-4289,Produto 01,768.07,1072.97,Moda,false,4548
18-612-2052,Produto 16,2978.77,1899.64,Livros,true,9984
67-920-5204,Produto 11,426.64,1067.05,Casa,false,3877
85-708-8035,Produto 39,4399.01,574.38,Moda,true,8376
75-131-3588,Produto 62,221.87,4406.30,Livros,false,8015
34-090-9488,Produto 29,2153.14,3516.57,Eletrônicos,true,2155
61-364-6909,Produto 10,3755.52,3917.75,Casa,false,8962
16-364-1866,Produto 10,3602.58,1456.89,Esportes,false,8632
45-842-3280,Produto 93,1268.55,2146.09,Eletrônicos,false,7002
14-061-0710,Produto 66,941.89,3690.43,Moda,true,7130
24-062-0204,Produto 71,2335.76,4944.88,Esportes,false,5567
95-061-6874,Produto 52,2546.43,4341.62,Esportes,true,4323
22-013-5222,Produto 57,3138.68,2845.27,Moda,true,512
26-552-9031,Produto 75,3638.96,4425.52,Eletrônicos,true,2316
59-995-3171,Produto 38,1443.93,4852.21,Esportes,false,9746
69-890-8372,Produto 01,4138.95,4322.83,Eletrônicos,true,1442
42-515-4586,Produto 07,948.25,2065.40,Eletrônicos,true,1504
41-649-6997,Produto 16,1807.31,4863.02,Moda,true,6591
70-820-8777,Produto 05,2462.95,3647.05,Casa,false,5465
41-284-9124,Produto 33,3862.14,1984.76,Livros,true,9716
62-903-8917,Produto 99,2516.84,4512.88,Moda,false,6123
61-547-1030,Produto 99,926.24,2485.64,Moda,true,8231
30-075-0479,Produto 72,418.96,1746.97,Moda,true,9401
87-686-2889,Produto 93,3808.61,3846.55,Esportes,false,9978
72-476-9461,Produto 69,4634.44,1674.67,Eletrônicos,true,1448
95-081-8020,Produto 93,1335.07,1369.66,Eletrônicos,true,865
92-816-5653,Produto 97,836.39,2124.52,Livros,true,8993
56-114-4604,Produto 12,897.70,595.86,Eletrônicos,false,7929
69-639-8354,Produto 82,1094.92,4552.51,Livros,false,8490
84-976-8460,Produto 73,1663.25,3583.32,Esportes,false,6759
99-828-0669,Produto 95,494.01,2277.24,Casa,true,2596
59-481-8518,Produto 58,3979.40,1844.24,Livros,false,2687
70-967-1333,Produto 21,2141.47,959.81,Moda,true,5356
11-245-2060,Produto 09,1989.09,2423.00,Esportes,false,8836
33-314-5052,Produto 48,2262.61,4138.40,Casa,false,2896
42-472-3945,Produto 40,2649.10,783.39,Esportes,true,9138
71-162-4893,Produto 74,3934.48,3863.04,Esportes,true,741
15-627-0349,Produto 76,251.29,2087.72,Livros,false,3121
35-745-7560,Produto 64,588.67,3180.77,Livros,false,3981
42-854-9043,Produto 18,4558.62,3490.27,Livros,false,8719
97-881-8341,Produto 91,2762.90,4036.67,Eletrônicos,true,9162
39-119-2339,Produto 40,4385.10,2804.90,Esportes,true,4753
02-233-5555,Produto 10,4708.25,4481.69,Eletrônicos,false,8515
36-199-3325,Produto 62,3639.49,3996.68,Casa,true,7668
91-173-2396,Produto 85,960.64,3278.53,Moda,true,5114
05-845-6435,Produto 37,583.21,224.66,Livros,true,5156
88-031-5386,Produto 09,2252.79,1168.37,Eletrônicos,false,5778
92-235-4012,Produto 99,4940.56,1098.85,Casa,false,2941
71-033-5011,Produto 25,3535.87,3644.15,Moda,true,2948
88-063-7519,Produto 70,4496.60,1673.31,Moda,false,9713
28-628-5241,Produto 29,1288.60,826.97,Esportes,true,62
64-016-1439,Produto 50,2148.36,4279.02,Esportes,false,8224
71-321-9620,Produto 09,652.99,1639.54,Eletrônicos,false,2900
25-429-5416,Produto 18,2863.09,3558.66,Eletrônicos,true,4604
30-392-6068,Produto 11,4420.22,1858.70,Esportes,true,8223
69-889-0130,Produto 64,1277.19,1099.65,Eletrônicos,true,2353
42-179-7781,Produto 27,3355.51,812.18,Eletrônicos,true,8750
42-812-6220,Produto 19,2902.08,2136.32,Moda,true,744
79-171-9182,Produto 42,517.52,3425.33,Moda,true,6860
92-975-3595,Produto 99,2536.21,531.02,Eletrônicos,false,4407
86-037-4503,Produto 26,2070.93,3187.15,Casa,true,2700
27-721-3686,Produto 03,1994.71,2660.60,Casa,false,3533
94-450-3526,Produto 08,1354.63,4269.74,Eletrônicos,false,4268
37-596-0324,Produto 45,3561.83,712.15,Livros,true,3143
01-469-3417,Produto 99,4922.86,326.73,Livros,false,7207
75-262-9945,Produto 73,3973.28,1008.98,Eletrônicos,false,8737
60-660-9395,Produto 40,4693.77,86.51,Livros,true,425
70-281-4616,Produto 80,1147.08,444.39,Casa,true,1120
13-798-5917,Produto 59,2081.23,2928.48,Livros,false,1757
82-764-8719,Produto 12,1782.90,2704.64,Casa,false,3808
60-884-5556,Produto 41,2870.66,4800.92,Moda,true,5908
17-413-7046,Produto 02,1391.48,3334.14,Eletrônicos,true,5527
28-259-5301,Produto 25,1638.69,1298.97,Eletrônicos,true,3031
65-076-0779,Produto 75,4875.89,4676.52,Casa,true,7257
48-038-6842,Produto 93,3684.43,2716.71,Eletrônicos,true,8014
76-639-7632,Produto 34,2363.60,2527.13,Casa,true,3307
77-184-9615,Produto 70,1592.37,2775.29,Moda,true,7824
13-752-0654,Produto 55,307.30,3094.69,Eletrônicos,true,9573
73-567-5473,Produto 65,4821.67,3294.69,Esportes,true,2822
06-163-6384,Produto 30,3885.01,3426.67,Esportes,false,8072
02-058-0412,Produto 74,4941.74,1190.15,Casa,true,4284
74-829-8765,Produto 11,1048.37,3622.07,Livros,false,2991
75-960-0046,Produto 36,1015.92,2083.60,Moda,false,7979
98-756-7401,Produto 36,843.30,1606.94,Casa,true,8778
71-798-5540,Produto 66,2726.98,2906.39,Esportes,true,7307
58-391-4847,Produto 07,2705.74,3918.51,Esportes,false,6785
96-637-8536,Produto 80,3740.03,1507.37,Esportes,false,2680
41-890-0692,Produto 25,2398.21,2667.40,Moda,false,7519
28-167-2417,Produto 89,2641.12,4312.29,Eletrônicos,false,2657
71-710-5965,Produto 33,4829.14,1985.23,Livros,false,2695
76-843-5692,Produto 69,1409.72,1458.79,Livros,false,5526
85-951-1034,Produto 15,676.14,4550.52,Esportes,true,8489
58-383-3674,Produto 61,2346.54,2756.84,Moda,true,8141
21-959-2852,Produto 28,4331.08,2251.66,Moda,false,8217
49-288-7983,Produto 14,2364.43,4946.53,Eletrônicos,true,2015
46-575-7957,Produto 46,1157.26,4850.91,Moda,true,7339
78-509-8260,Produto 89,1880.90,2316.52,Moda,true,4787
22-125-4635,Produto 48,1631.28,2765.87,Esportes,true,5655
10-880-3193,Produto 20,129.87,3107.08,Casa,false,1507
68-526-7821,Produto 43,4965.64,2897.40,Casa,true,7670
71-381-6461,Produto 01,4604.37,4007.10,Eletrônicos,true,670
49-145-6344,Produto 78,4755.66,4720.85,Livros,false,778
18-012-5614,Produto 16,4245.93,1259.21,Casa,true,4077
35-231-4550,Produto 31,10.14,1202.40,Eletrônicos,true,624
33-092-5160,Produto 77,736.93,847.71,Moda,false,9086
71-020-3870,Produto 02,3055.87,3671.81,Livros,false,125
79-542-1367,Produto 87,2498.72,852.99,Esportes,false,4159
03-234-5371,Produto 51,3755.79,3776.65,Eletrônicos,true,946
50-159-5248,Produto 58,2848.65,1120.51,Livros,true,3798
03-104-2257,Produto 47,1177.60,3776.02,Casa,true,5459
85-500-9009,Produto 14,2597.54,3165.18,Eletrônicos,false,4873
49-814-5803,Produto 36,321.62,129.81,Eletrônicos,true,1904
78-578-0736,Produto 75,394.65,192.65,Eletrônicos,false,2184
93-255-5467,Produto 30,4651.54,4274.28,Moda,false,7916
93-843-6313,Produto 01,1525.63,615.85,Esportes,true,2372
86-754-9954,Produto 96,3120.06,2166.94,Livros,true,611
39-525-8848,Produto 12,4054.12,2425.33,Casa,false,8102
59-958-0469,Produto 37,1021.51,606.44,Livros,true,6405
31-535-3319,Produto 64,1009.46,1061.76,Eletrônicos,true,5570
53-392-3985,Produto 41,4421.45,1844.81,Eletrônicos,false,8728
92-735-1120,Produto 24,2841.00,3563.14,Esportes,true,6841
08-888-4937,Produto 51,4463.34,3869.72,Livros,true,1743
98-854-1203,Produto 07,544.62,3530.62,Livros,true,7825
68-485-3176,Produto 38,3981.69,75.48,Moda,true,2380
88-343-8714,Produto 92,4602.42,2709.32,Eletrônicos,false,5771
01-873-4824,Produto 74,2410.52,4753.79,Esportes,false,2575
32-439-7820,Produto 71,2393.48,4635.51,Esportes,false,6740
42-811-6411,Produto 58,2928.77,2085.44,Casa,true,4178
11-669-8552,Produto 45,2586.17,3010.64,Livros,false,9669
48-492-1623,Produto 08,2930.86,1554.82,Esportes,true,6252
85-679-5009,Produto 15,74.11,1431.89,Esportes,true,7906
71-431-1273,Produto 27,3022.57,3765.25,Livros,false,677
67-919-2865,Produto 32,2575.13,4987.95,Livros,false,7320
65-437-7761,Produto 40,3857.96,4902.14,Casa,true,6205
97-521-4111,Produto 17,1949.75,2951.77,Moda,false,8724
17-287-0059,Produto 34,2153.30,2078.48,Esportes,false,4995
58-127-6560,Produto 48,2966.16,3366.08,Eletrônicos,true,5437
80-357-5888,Produto 28,4875.89,4573.12,Moda,false,3451
74-054-4486,Produto 21,2362.75,2829.26,Casa,false,5711
87-305-6645,Produto 44,1242.18,705.35,Eletrônicos,true,7127
92-993-5172,Produto 29,196.88,3902.58,Eletrônicos,false,9404
48-084-9632,Produto 51,3510.22,2305.20,Moda,true,7764
59-701-5491,Produto 92,4555.36,3040.73,Livros,true,3545
21-481-6892,Produto 35,1773.48,1095.65,Casa,true,6164
69-659-3892,Produto 82,3155.53,2506.70,Livros,false,9778
01-041-5066,Produto 04,1050.83,2020.55,Esportes,true,881
57-000-3847,Produto 76,180.36,586.33,Esportes,false,8680
94-545-0124,Produto 80,102.19,4876.11,Esportes,true,248
79-852-4331,Produto 14,3126.64,2682.36,Moda,false,420
87-240-7846,Produto 45,2194.36,2735.18,Eletrônicos,true,671
91-701-1636,Produto 05,1099.58,229.15,Casa,false,7395
39-005-5426,Produto 32,844.98,72.30,Eletrônicos,true,1127
49-567-6649,Produto 78,1022.70,4583.56,Casa,true,6478
68-624-2338,Produto 51,3177.48,2383.75,Eletrônicos,true,3691
74-087-6249,Produto 09,2318.67,535.34,Eletrônicos,false,4106
85-279-8155,Produto 11,3932.40,2204.75,Casa,true,6711
43-688-3717,Produto 75,2265.40,1412.84,Casa,false,7724
01-202-5876,Produto 43,1349.71,2933.54,Livros,false,339
25-143-7516,Produto 19,319.25,2269.58,Moda,false,5911
32-069-3609,Produto 22,4757.93,3595.65,Casa,false,6120
40-303-4926,Produto 64,751.93,159.40,Eletrônicos,true,7500
93-067-5920,Produto 27,4282.79,1620.32,Moda,true,1696
60-253-7808,Produto 50,2074.35,3805.36,Moda,true,5855
79-985-2091,Produto 20,3903.76,2959.58,Casa,false,2213
82-991-9869,Produto 47,4811.87,3145.53,Moda,true,4096
63-868-1387,Produto 33,3645.70,1535.36,Moda,false,2264
03-193-1661,Produto 27,612.79,2440.85,Moda,false,1528
72-608-5371,Produto 41,4416.53,4668.44,Casa,false,7128
07-978-8400,Produto 85,1483.05,2106.13,Eletrônicos,true,2160
06-399-7852,Produto 10,2489.91,4589.05,Casa,false,2373
41-401-4107,Produto 57,3350.50,4164.64,Casa,false,8733
80-562-3901,Produto 35,397.71,3718.20,Esportes,true,5150
83-959-3445,Produto 90,658.66,4051.37,Moda,false,6170
57-328-4601,Produto 03,2814.90,4784.50,Livros,true,7167
69-337-2405,Produto 85,4229.60,27.31,Eletrônicos,true,5025
91-027-8554,Produto 31,3313.81,1336.39,Eletrônicos,false,3069
44-471-5454,Produto 40,3129.53,1406.46,Eletrônicos,false,6119
75-868-1377,Produto 08,551.65,13.67,Casa,true,3147
62-633-1595,Produto 11,4113.73,835.42,Livros,false,7870
20-247-3366,Produto 81,4579.68,470.35,Moda,false,696
29-103-0903,Produto 43,3818.47,1195.24,Esportes,true,2476
36-294-7909,Produto 46,965.74,2536.93,Eletrônicos,true,5336
80-791-5243,Produto 90,3815.93,848.89,Casa,false,7501
96-506-6650,Produto 09,1104.48,4073.70,Casa,false,8906
77-119-3188,Produto 65,1688.77,4736.60,Eletrônicos,false,8354
44-371-0459,Produto 98,4080.84,3104.56,Eletrônicos,true,2665
07-028-6546,Produto 29,3508.34,1638.34,Esportes,true,1723
96-433-6699,Produto 03,4057.34,88.23,Eletrônicos,false,7202
27-767-5865,Produto 75,2904.25,3352.37,Esportes,false,9167
46-303-0253,Produto 98,844.24,3343.51,Livros,true,5001
77-236-8539,Produto 61,2510.74,2556.50,Livros,false,1405
07-263-7218,Produto 88,748.07,1251.45,Moda,true,6956
71-635-4064,Produto 40,1877.00,2472.98,Esportes,false,9009
98-739-3054,Produto 62,3021.72,3769.42,Casa,false,9764
80-714-0544,Produto 05,2749.42,2004.88,Moda,false,1828
06-528-9842,Produto 30,2648.97,4859.31,Esportes,false,106
20-354-1254,Produto 53,4816.41,441.95,Eletrônicos,false,7792
87-542-2256,Produto 37,1638.34,4496.50,Livros,false,1512
10-371-9406,Produto 98,4363.92,1941.40,Livros,true,6108
87-902-8551,Produto 88,4124.62,1500.28,Esportes,false,8803
61-423-7176,Produto 67,2224.08,2586.64,Casa,true,9211
36-382-9193,Produto 92,4788.19,322.66,Esportes,true,788
44-018-1868,Produto 46,2511.08,3206.20,Esportes,true,8470
37-485-4855,Produto 29,4960.98,3581.44,Casa,false,5291
15-408-8358,Produto 18,4506.00,1127.17,Eletrônicos,true,346
47-201-3470,Produto 74,2931.96,318.57,Moda,true,1202
93-876-8450,Produto 55,4775.73,1510.76,Eletrônicos,true,5702
87-671-8656,Produto 06,3538.11,4106.52,Esportes,false,1198
47-020-2398,Produto 42,2608.56,3522.70,Esportes,true,4524
89-985-7269,Produto 34,2824.77,237.69,Casa,true,8360
20-953-3767,Produto 92,80.51,1546.61,Esportes,false,8677
62-657-5445,Produto 28,4303.80,4180.21,Eletrônicos,true,1074
65-026-1356,Produto 45,1624.98,2301.38,Livros,false,5099
24-227-1156,Produto 29,4027.46,3093.38,Moda,false,1369
32-428-9108,Produto 49,3069.99,940.49,Eletrônicos,true,2251
92-385-4363,Produto 01,3474.17,3841.93,Eletrônicos,true,4305
89-709-0514,Produto 52,2808.92,3605.63,Casa,false,2067
24-586-6000,Produto 07,3006.81,2881.02,Moda,true,9408
47-490-8512,Produto 00,3136.43,4039.78,Livros,false,6792
37-763-7465,Produto 67,2496.10,102.73,Livros,false,7623
43-421-6157,Produto 06,2072.25,4631.40,Esportes,true,5993
91-684-9867,Produto 43,4505.20,1927.37,Moda,false,7024
94-332-7913,Produto 64,4566.56,3169.92,Esportes,false,9484
61-304-7556,Produto 18,3607.11,3827.18,Eletrônicos,false,1522
30-250-2647,Produto 88,241.02,1141.50,Eletrônicos,true,6358
01-028-6063,Produto 70,3847.71,2289.60,Moda,true,6124
67-362-4470,Produto 57,113.21,606.33,Esportes,true,5690
96-813-4055,Produto 07,1224.22,3391.96,Esportes,false,7878
93-470-7639,Produto 62,4497.77,3266.21,Livros,false,3815
10-769-9588,Produto 51,814.05,4785.59,Casa,false,2488
48-577-7974,Produto 42,877.72,3444.16,Livros,false,7697
11-346-1055,Produto 24,2418.16,4366.71,Eletrônicos,false,8382
38-266-7504,Produto 40,1778.45,4151.45,Eletrônicos,true,8152
99-492-9793,Produto 08,576.77,4611.20,Esportes,false,9400
53-472-8014,Produto 97,1294.90,340.64,Moda,false,9008
93-917-1255,Produto 05,1501.73,2781.61,Eletrônicos,false,3313
74-621-8251,Produto 22,3898.00,991.71,Eletrônicos,true,7894
80-400-1878,Produto 59,413.10,1920.49,Esportes,true,6974
34-602-4808,Produto 62,2156.88,4391.00,Moda,false,6583
85-807-4736,Produto 10,2917.98,4327.92,Eletrônicos,false,5909
54-116-2806,Produto 41,1095.02,4416.53,Casa,false,2785
11-711-1518,Produto 20,592.49,478.80,Casa,false,8917
49-625-9753,Produto 24,4602.97,2425.66,Moda,false,1597
00-029-7844,Produto 33,4921.82,3290.62,Eletrônicos,false,7238
29-946-8612,Produto 14,3688.60,153.29,Eletrônicos,false,9099
80-907-3172,Produto 36,1411.96,2755.15,Livros,false,4127
42-687-7013,Produto 76,3935.43,1662.95,Casa,true,8170
21-993-6434,Produto 61,1648.86,3077.38,Esportes,true,3751
74-240-4100,Produto 51,4661.23,4485.63,Livros,false,6155
33-544-7306,Produto 32,3179.40,627.69,Eletrônicos,false,6240
87-830-4662,Produto 56,1405.28,29.19,Moda,false,9175
56-390-9765,Produto 98,3600.47,1450.68,Casa,true,6571
95-430-3461,Produto 33,1324.50,234.23,Livros,false,2049
16-862-5629,Produto 51,3571.34,732.95,Livros,false,6008
19-947-7572,Produto 69,1786.43,3254.71,Livros,true,9936
00-154-0053,Produto 59,486.98,1679.02,Moda,false,6650
39-987-5707,Produto 29,1197.07,1043.30,Casa,true,4356
05-025-8257,Produto 98,3460.14,973.75,Eletrônicos,false,4479
12-125-9282,Produto 76,1502.86,4773.85,Casa,true,1584
24-872-9262,Produto 59,2008.53,718.50,Eletrônicos,false,2581
04-792-8424,Produto 53,1859.28,4388.67,Eletrônicos,true,2278
62-423-9751,Produto 47,239.61,3546.47,Eletrônicos,true,3093
93-970-3296,Produto 79,4256.68,3073.59,Eletrônicos,false,5842
57-161-0178,Produto 76,3141.52,702.88,Eletrônicos,true,3862
28-674-8388,Produto 08,2146.75,2986.50,Livros,true,6763
58-685-6581,Produto 31,4049.18,4095.19,Esportes,true,210
40-382-5742,Produto 50,3615.97,4337.56,Eletrônicos,true,1019
65-450-5423,Produto 80,4438.88,2847.48,Casa,true,2575
56-348-8183,Produto 92,2700.01,3481.96,Moda,false,5914
83-728-8369,Produto 64,2782.69,1851.88,Moda,true,8558
75-461-7974,Produto 37,1785.39,2536.41,Livros,true,8623
42-902-3477,Produto 39,4055.14,3795.15,Eletrônicos,true,5472
28-526-3840,Produto 00,1397.45,2219.03,Esportes,true,6344
78-186-9633,Produto 60,3946.01,37.72,Casa,true,3572
20-471-7610,Produto 52,196.75,3356.72,Eletrônicos,true,9278
91-800-7468,Produto 78,2466.18,4440.59,Livros,false,3276
98-355-1558,Produto 53,1768.51,4978.91,Casa,true,2025
72-209-1054,Produto 18,600.09,309.88,Moda,false,5579
39-126-1201,Produto 09,3476.70,4789.69,Livros,false,4004
66-645-8318,Produto 61,4075.72,716.98,Moda,false,8918
23-162-7743,Produto 99,2016.33,2762.53,Moda,false,4892
96-997-5578,Produto 53,3659.20,3518.26,Eletrônicos,false,4717
61-791-3410,Produto 45,4006.43,39.80,Esportes,false,8208
95-375-2775,Produto 77,4729.38,2443.88,Casa,true,7593
47-945-7822,Produto 28,3044.22,2280.47,Esportes,true,5418
54-427-9227,Produto 32,2338.43,480.39,Eletrônicos,true,7583
89-237-8506,Produto 05,2980.77,2131.61,Eletrônicos,false,8201
07-276-7190,Produto 39,2997.62,536.98,Esportes,false,8341
85-553-1948,Produto 79,3686.23,4118.98,Moda,true,454
82-523-9222,Produto 76,1552.36,1573.24,Casa,false,8366
37-591-4142,Produto 98,4370.42,339.83,Casa,true,4155
78-431-9563,Produto 14,3828.68,2605.93,Esportes,true,4794
33-230-5781,Produto 44,2826.16,3678.43,Eletrônicos,true,1461
86-692-0017,Produto 26,3452.93,4703.91,Eletrônicos,true,9937
27-536-5845,Produto 51,2495.68,3320.94,Livros,true,6882
03-596-4353,Produto 68,55.02,3990.63,Esportes,true,3764
51-934-6698,Produto 77,1663.80,4947.00,Esportes,false,2928
40-634-2351,Produto 73,3437.78,3440.06,Eletrônicos,false,6911
07-600-6646,Produto 25,4242.93,960.34,Livros,false,8029
29-033-4245,Produto 76,380.17,4347.29,Eletrônicos,true,4029
13-388-5500,Produto 77,564.51,4509.03,Eletrônicos,false,9923
58-051-2667,Produto 29,4868.13,773.88,Moda,true,1200
47-968-5702,Produto 90,2851.60,3239.46,Eletrônicos,false,3184
50-964-6159,Produto 82,1539.55,363.00,Casa,true,1284
67-531-8588,Produto 76,917.50,385.30,Esportes,true,8370
02-604-5519,Produto 82,147.35,2230.55,Eletrônicos,false,171
63-209-1802,Produto 33,470.87,986.02,Moda,true,7301
22-069-7085,Produto 50,1787.04,3080.43,Moda,true,8972
99-484-7009,Produto 68,1726.80,2253.75,Eletrônicos,false,993
49-840-7313,Produto 74,2832.36,94.19,Livros,true,4422
39-380-2449,Produto 17,2026.80,1884.79,Eletrônicos,false,9380
29-536-5639,Produto 00,1081.10,1864.90,Livros,true,6681
74-632-6146,Produto 65,3832.87,374.37,Eletrônicos,false,9901
37-508-1056,Produto 41,3220.25,1196.09,Livros,false,2687
91-271-8880,Produto 87,2456.34,1960.22,Casa,true,4286
63-476-8609,Produto 92,4476.59,174.90,Moda,false,7419
30-024-5032,Produto 09,1201.64,4162.96,Esportes,true,2237
41-668-6392,Produto 36,3534.27,3299.61,Eletrônicos,true,6282
64-024-9541,Produto 70,4960.17,4720.61,Livros,true,5903
06-245-4803,Produto 96,4045.35,1286.06,Casa,true,5341
01-800-6465,Produto 13,3522.10,3064.61,Eletrônicos,true,3667
79-538-6065,Produto 67,2330.91,4068.02,Moda,false,4449
20-787-5562,Produto 54,791.17,4460.63,Moda,true,9446
75-655-2261,Produto 79,4694.17,2481.06,Casa,true,2841
70-680-4094,Produto 17,3232.99,410.52,Eletrônicos,true,2042
28-092-3238,Produto 95,1997.77,2482.85,Eletrônicos,true,6760
62-492-5237,Produto 95,3655.03,1105.18,Moda,false,5721
82-932-2841,Produto 29,4786.28,1397.95,Livros,false,4927
31-272-3483,Produto 84,51.03,1719.45,Esportes,true,7436
89-689-4858,Produto 71,4785.72,1489.39,Livros,true,4221
80-922-0129,Produto 91,1807.48,2461.30,Esportes,true,2024
86-591-2335,Produto 86,2465.24,673.25,Livros,true,1925
42-921-4678,Produto 26,3798.19,4272.34,Esportes,false,5212
99-683-5530,Produto 38,3166.61,4496.62,Moda,true,7494
11-782-6428,Produto 97,1694.30,877.12,Casa,true,2518
90-543-4867,Produto 66,584.14,3270.11,Eletrônicos,false,4147
76-596-3232,Produto 38,3200.27,2080.31,Casa,false,4348
95-553-5508,Produto 01,3351.69,252.89,Livros,false,4018
15-860-4405,Produto 11,1834.93,3119.90,Esportes,true,8029
73-855-7604,Produto 43,1428.39,3027.84,Moda,true,5348
61-399-1026,Produto 57,2604.25,1863.01,Eletrônicos,false,9275
34-059-7235,Produto 55,420.60,3441.68,Casa,false,4479
93-497-5131,Produto 39,2705.86,2245.85,Esportes,true,7122
87-066-1788,Produto 85,4430.32,4770.89,Casa,true,1606
47-149-3525,Produto 62,1746.06,484.45,Livros,false,5136
44-940-6328,Produto 61,3041.86,4091.97,Moda,false,4932
72-095-5915,Produto 30,3815.30,3261.21,Livros,true,1070
60-380-3442,Produto 69,3720.34,1479.12,Esportes,false,896
99-272-4052,Produto 44,3105.41,3272.59,Moda,true,3940
10-904-8077,Produto 92,338.05,3939.62,Casa,false,6429
69-938-6570,Produto 56,3950.64,1892.53,Esportes,true,5245
51-438-0284,Produto 98,1171.11,4064.91,Moda,true,8117
36-977-4254,Produto 53,2622.58,4726.48,Esportes,false,4283
88-627-4056,Produto 30,3638.03,998.02,Casa,false,4991
47-535-1115,Produto 05,713.52,2560.48,Esportes,true,8254
21-063-6184,Produto 19,1543.57,549.49,Eletrônicos,false,3601
75-042-5352,Produto 01,3223.22,4202.44,Casa,true,8086
33-018-2019,Produto 65,4281.91,1674.37,Casa,true,3012
48-867-7134,Produto 15,548.00,3276.99,Eletrônicos,true,9191
91-439-0423,Produto 42,2013.28,1267.28,Casa,false,9086
93-820-2129,Produto 46,899.61,1156.68,Moda,false,1506
99-300-2771,Produto 76,2145.43,1661.00,Casa,false,7100
24-735-1623,Produto 35,215.62,2019.15,Moda,false,8649
73-774-2083,Produto 21,992.20,255.71,Moda,false,3295
15-243-3105,Produto 49,542.25,2991.11,Casa,true,6577
60-483-4289,Produto 23,3211.51,4555.09,Livros,true,9487
67-076-4825,Produto 97,3876.40,1982.35,Moda,false,6950
32-213-6142,Produto 72,4894.98,3825.53,Livros,false,7254
78-003-0683,Produto 84,1437.25,3974.53,Casa,true,8378
64-042-0520,Produto 66,3530.70,1360.54,Livros,false,5972
57-808-0516,Produto 81,2828.69,1212.78,Casa,true,2368
81-192-3016,Produto 78,4887.17,4210.38,Casa,false,385
29-182-9594,Produto 39,3712.86,2869.91,Eletrônicos,false,2031
36-150-1630,Produto 09,3653.98,4203.96,Casa,true,3210
16-004-4757,Produto 13,1422.00,2946.87,Moda,true,1695
40-453-1120,Produto 34,734.46,1358.10,Esportes,false,9248
59-646-4645,Produto 06,924.44,1246.71,Livros,false,4262
56-085-0191,Produto 55,4622.90,1328.38,Moda,false,6550
37-039-5075,Produto 88,2185.46,926.02,Esportes,false,8029
16-985-1803,Produto 47,1724.33,1016.98,Eletrônicos,true,1130
68-096-5066,Produto 84,605.57,1422.88,Moda,false,5690
83-351-1337,Produto 80,4302.56,398.91,Moda,false,7899
57-177-1526,Produto 91,33.54,4906.72,Moda,false,6498
35-161-6199,Produto 98,2687.69,2850.95,Casa,true,2255
31-781-9705,Produto 55,3335.46,52.52,Casa,false,2646
76-590-2399,Produto 97,2267.10,577.45,Livros,false,4765
50-424-6399,Produto 85,1793.81,4661.86,Moda,true,4116
37-660-1951,Produto 21,1319.11,1685.30,Livros,false,6495
88-550-2617,Produto 27,512.97,1420.54,Esportes,false,6886
65-148-1250,Produto 26,2860.74,1953.93,Casa,true,6851
46-226-9776,Produto 22,2133.52,385.84,Moda,false,2727
58-680-1438,Produto 98,895.85,1016.75,Moda,true,7164
17-245-2578,Produto 16,2358.52,1692.71,Moda,false,7505
23-815-5261,Produto 21,2826.71,4158.56,Livros,false,6748
68-198-3323,Produto 09,3607.75,4691.36,Livros,true,5559
49-111-7208,Produto 97,713.92,1194.24,Eletrônicos,true,4586
92-868-6020,Produto 74,3077.67,762.32,Livros,true,5
16-069-9380,Produto 86,487.57,4628.56,Esportes,false,4113
53-333-9048,Produto 42,1231.59,3738.76,Casa,true,1762
53-503-7286,Produto 98,706.53,2765.17,Esportes,true,8867
14-754-5014,Produto 24,4596.17,1421.34,Casa,true,833
23-840-9919,Produto 25,79.77,2625.91,Moda,true,73
66-477-1055,Produto 54,4478.54,944.38,Livros,false,9364
82-350-4476,Produto 23,1293.17,2826.02,Livros,false,340
62-056-9030,Produto 60,3515.87,2317.60,Livros,true,846
49-157-3994,Produto 36,2440.16,4560.45,Casa,true,2507
07-421-1337,Produto 19,234.30,4131.08,Eletrônicos,true,1978
95-345-1846,Produto 98,3280.56,3808.67,Moda,true,2908
96-256-7010,Produto 81,1733.85,1011.12,Moda,true,5531
73-215-7237,Produto 36,769.46,3064.06,Eletrônicos,false,9829
98-028-5492,Produto 91,4759.98,1606.30,Eletrônicos,false,5465
08-642-6892,Produto 00,1627.37,705.98,Livros,true,4798
58-150-3553,Produto 56,3580.21,1095.41,Esportes,true,1549
11-220-1592,Produto 48,2920.49,2694.96,Livros,false,9380
34-841-7496,Produto 65,2702.52,579.97,Moda,false,8924
04-118-3442,Produto 03,4992.31,1077.24,Livros,true,4306
82-394-6724,Produto 88,1827.94,1693.77,Eletrônicos,true,2648
68-733-8069,Produto 21,4783.48,3858.10,Casa,true,4344
37-536-4306,Produto 82,3466.05,605.61,Moda,true,106
01-462-1622,Produto 51,2213.43,421.08,Eletrônicos,true,4612
36-815-5505,Produto 93,3591.94,3595.74,Esportes,true,3694
77-748-7051,Produto 34,3172.90,1091.52,Esportes,true,5102
97-530-5431,Produto 64,3594.26,1851.12,Casa,false,8285
15-741-6853,Produto 27,2626.72,1646.14,Eletrônicos,true,2275
66-211-3385,Produto 98,4188.87,4114.64,Eletrônicos,false,852
65-786-9363,Produto 49,4646.26,2664.89,Livros,true,3587
24-579-7035,Produto 10,1512.93,4695.13,Eletrônicos,true,3883
95-501-0625,Produto 84,1514.30,2810.36,Eletrônicos,false,7139
41-364-0326,Produto 97,1092.86,4867.88,Livros,false,5424
51-813-4729,Produto 01,3772.40,1686.21,Livros,false,1398
76-895-9872,Produto 64,2457.56,4343.57,Livros,false,6894
05-306-6073,Produto 93,3335.11,1004.07,Livros,false,6316
91-169-6840,Produto 40,1349.69,2303.41,Moda,false,8262
12-590-0705,Produto 74,3408.38,4871.00,Casa,true,746
55-228-9401,Produto 91,925.28,500.32,Esportes,false,1422
81-792-0524,Produto 09,2066.59,4153.25,Casa,true,9637
95-681-4142,Produto 54,3818.68,4124.89,Livros,true,6453
35-245-9708,Produto 96,808.48,437.88,Esportes,true,6484
26-686-5368,Produto 75,3607.08,4444.64,Moda,true,9628
03-011-6383,Produto 74,1305.26,4467.61,Moda,true,2151
59-199-9104,Produto 50,2039.93,4098.62,Moda,true,7768
68-830-9653,Produto 01,1803.39,213.45,Casa,false,4710
07-750-9155,Produto 23,1851.11,1132.99,Moda,true,5446
45-890-1094,Produto 23,2799.62,2999.41,Moda,false,1915
69-128-3551,Produto 35,787.08,4850.56,Eletrônicos,false,7572
78-939-3491,Produto 38,315.44,974.53,Moda,false,2691
52-372-1481,Produto 30,2351.45,4684.69,Eletrônicos,true,886
61-802-5870,Produto 25,3525.55,1523.83,Casa,false,3537
32-682-9749,Produto 41,257.71,3714.93,Esportes,false,4376
89-929-8172,Produto 55,4898.44,2938.90,Moda,false,776
57-535-0533,Produto 56,2282.56,2149.78,Eletrônicos,false,9522
85-438-4442,Produto 33,4679.14,652.87,Moda,false,7960
53-978-2377,Produto 49,525.96,1928.90,Casa,true,6092
87-103-6608,Produto 22,2096.32,1350.66,Eletrônicos,false,2775
73-781-6688,Produto 87,4669.86,891.63,Moda,true,5950
35-537-3401,Produto 36,332.37,3408.16,Casa,true,267
39-864-2141,Produto 52,3386.67,2973.14,Livros,false,6121
94-165-9277,Produto 25,4525.08,272.17,Eletrônicos,false,2100
07-464-6413,Produto 39,698.20,1372.90,Eletrônicos,false,2555
17-093-3857,Produto 71,2830.75,587.13,Eletrônicos,true,5383
58-247-5014,Produto 14,4152.96,2479.73,Casa,false,8728
57-645-3318,Produto 85,1524.59,4949.79,Casa,true,5259
98-334-8666,Produto 12,1449.92,640.54,Moda,true,6143
67-307-3028,Produto 62,2331.40,1062.00,Livros,false,4311
26-745-8026,Produto 10,391.12,4643.43,Esportes,true,8617
01-610-3777,Produto 09,3898.00,710.65,Moda,false,3
33-612-9418,Produto 34,1848.63,327.83,Livros,false,4191
06-153-9454,Produto 71,552.45,2281.56,Eletrônicos,false,3365
82-020-2395,Produto 27,1696.56,2126.36,Livros,false,1005
26-428-0008,Produto 32,1036.50,3019.59,Livros,true,4335
74-587-6297,Produto 01,1593.96,4506.03,Casa,false,9700
03-570-6927,Produto 59,186.56,4373.10,Moda,false,2622
24-050-9098,Produto 14,465.56,4378.53,Eletrônicos,false,6512
86-972-3407,Produto 49,1674.92,2162.90,Esportes,true,9652
68-025-9167,Produto 16,1890.93,4102.42,Esportes,false,1188
51-178-5820,Produto 64,1667.04,7.10,Casa,true,4007
04-856-8834,Produto 99,989.94,2785.14,Livros,false,5344
44-835-9085,Produto 58,1069.36,4686.68,Livros,true,3131
58-133-6396,Produto 65,2627.35,1597.06,Moda,false,946
22-138-9389,Produto 72,1840.10,2336.45,Moda,true,1398
59-837-0113,Produto 95,1826.10,3471.58,Casa,true,9536
92-241-4397,Produto 93,3735.91,4929.23,Casa,false,4674
61-246-0828,Produto 52,1314.51,3340.79,Casa,true,9421
81-689-4981,Produto 39,4257.54,3708.17,Livros,false,4415
34-034-9509,Produto 09,324.29,4120.08,Moda,true,7907
86-212-7574,Produto 49,874.54,2553.95,Livros,false,8030
04-496-9322,Produto 40,111.10,3425.81,Eletrônicos,true,6108
55-895-9401,Produto 16,3802.58,2284.83,Livros,false,5129
22-428-1745,Produto 73,2803.41,2226.36,Casa,true,2896
96-775-0334,Produto 31,1426.33,1749.21,Casa,false,8004
32-662-2798,Produto 07,807.74,682.42,Esportes,false,7371
24-342-9396,Produto 05,3215.55,1855.06,Livros,false,1054
